DATE,LA,SEA,DEN,AUS,DC,DET,PHX,MIN,BOS,MIA,NY,CHI,ATL,LV
1/1/1987,59.42622437,58.88527447,50.34801697,46.95579249,64.41021506,58.42080558,67.56786236,63.49280289,70.2669731,68.5479048,74.67844016,54.20647876,69.61946151,66.41896597
2/1/1987,59.89486089,60.96188308,50.16046814,47.3026748,65.13233062,58.1321228,67.621025,63.15240708,70.64067798,68.91911889,76.043687,55.22727414,69.46966205,67.57419833
3/1/1987,60.4010732,62.9529798,50.38347786,47.84021293,65.99785281,58.15397229,67.92398633,62.69347204,71.0467735,69.38805199,77.23707531,54.8110341,69.32466163,67.85013171
4/1/1987,61.3243337,65.45715558,50.74462754,47.9840577,66.6387343,58.21509351,67.96501645,63.08319926,71.41157143,69.4634609,78.28152688,54.80194738,69.71866434,68.1860642
5/1/1987,62.03091455,66.55340782,50.76353788,48.30506513,67.44472563,58.51359013,68.06856716,63.18428985,71.88271079,69.74628226,79.67533059,55.47746617,69.79697026,67.92709116
6/1/1987,62.77656363,67.42345141,50.43233495,48.60578686,68.51692345,58.80550681,67.69591389,63.74282125,72.29593184,69.47376119,80.83980159,56.0597667,70.05309181,66.79939446
7/1/1987,63.45610947,67.57793958,50.20394289,49.08456578,69.38716532,59.04030805,67.34046047,63.5562289,72.62096441,69.64166739,81.69506699,57.10936653,69.91454873,65.7629411
8/1/1987,64.13062268,67.85311365,50.12122158,49.54259201,70.25445289,59.19473338,66.94764414,63.79845606,73.16291582,69.80472055,82.22005796,57.6122094,70.0881407,65.03197679
9/1/1987,64.89362702,67.51137156,50.05828124,50.24128781,71.39573364,59.29101742,66.82268149,63.89329871,73.74881285,70.56775967,82.38397595,58.270368,70.04012176,65.2769414
10/1/1987,65.7716042,67.2547069,50.14607871,50.99269818,72.31810419,59.54029145,66.56019229,64.12099238,74.00660074,71.02023013,83.1564061,59.00637888,70.14200741,65.5117159
11/1/1987,66.71255379,66.93175523,49.73360057,51.64113056,73.15863879,59.62944824,66.49372032,64.39544264,74.4180682,71.4249393,83.67733133,59.71248845,70.12024452,66.53024198
12/1/1987,67.77770123,66.77373145,49.85495549,52.22911058,73.585563,59.75632243,66.50108824,64.38609936,74.57960221,71.4584372,84.50134781,61.075388,70.00910712,66.49194679
1/1/1988,68.77691349,66.2568352,49.55073719,52.70283616,74.40191448,59.74894727,66.57970805,64.22486443,74.6612365,71.67894585,84.32173034,61.97243658,70.06784419,66.69670303
2/1/1988,69.71097325,65.60930243,49.49475181,53.19983707,75.28798342,59.8442699,66.70474738,64.00564204,74.58935017,71.82796854,84.49117859,63.44648492,70.17273693,66.42737553
3/1/1988,70.69917921,65.13151075,49.06129708,53.86620971,76.39474559,60.07654634,66.63999939,64.22549797,74.47783864,72.34556591,84.47672472,64.50860575,70.22618007,66.7614815
4/1/1988,71.48428324,65.45156863,48.73980965,54.53404719,77.30187403,60.53263697,66.78014874,64.47109758,74.52675221,72.71877391,84.69031883,65.15143328,70.21826744,67.43481473
5/1/1988,72.47708784,65.75131113,48.34998174,56.06737674,78.37985044,60.77758746,66.5935088,64.59983549,74.81244784,73.10256209,84.76242708,65.57198553,70.38957256,67.58341088
6/1/1988,74.38597875,66.07017405,48.17299809,57.88181839,79.3407888,60.8369534,66.60127076,64.58125711,75.0035576,73.71199916,84.59877173,66.46400791,70.49992476,67.52762438
7/1/1988,76.92111978,66.24877512,48.22477156,58.17442641,80.77511249,60.89572702,66.39529051,64.34271705,75.03189723,74.10781836,84.50351963,66.55169721,71.07920522,67.65174171
8/1/1988,78.6680492,66.34133788,48.24806809,58.49688496,81.92875022,61.05467746,66.25770321,64.07549797,74.84114698,74.68231606,84.59356456,67.75150023,71.13522615,67.94698908
9/1/1988,80.60749305,66.40730538,48.21318016,58.93692451,83.1576592,61.25450223,65.94157508,64.14779101,74.71039529,75.24897881,84.57622095,68.02481881,71.28958668,68.46238533
10/1/1988,82.3809339,66.1656699,48.03303688,59.95031922,83.67424244,61.2443753,65.80872591,64.4186919,74.60036504,75.59607438,84.47921487,69.03495896,71.02813244,68.46101561
11/1/1988,84.41282045,66.1772563,47.74889141,61.10558644,84.63263943,61.27161835,65.38222419,64.38581583,74.6386462,75.95922766,84.49091277,68.64614261,71.3621461,68.13821377
12/1/1988,85.81818736,66.08372866,47.43557118,62.46581416,85.92852609,61.42294512,65.45043543,64.54477749,74.69527815,76.21900543,84.37502816,68.51149958,71.43178789,67.82777357
1/1/1989,87.47324975,66.32133165,47.46956846,63.28848984,86.86895743,61.56420547,65.28026398,64.62385726,74.5198541,76.5829832,84.48241827,68.32990899,71.5342303,68.78284759
2/1/1989,88.77303169,66.48269506,47.45236929,64.05774052,87.80226663,61.68051561,65.48132739,64.54262415,75.16731512,76.99399616,84.26598825,69.00879167,71.53293735,69.64367535
3/1/1989,91.14747189,66.8123474,47.5294375,65.56170298,88.61896795,61.69694021,64.79103575,64.40564917,75.55483966,77.17558052,84.19466162,70.0744894,71.74753203,70.47959824
4/1/1989,93.01229243,67.24133303,47.46542218,66.69652584,89.32523747,61.93213062,64.63118701,64.29042127,75.39413751,77.54866546,83.8808706,70.65416079,72.22512907,69.99725168
5/1/1989,94.56935661,67.29674143,47.596806,67.70328386,89.77712681,62.2462007,64.51173285,64.62906558,75.04304898,77.56730458,83.49424863,70.50541855,72.62599608,69.78814815
6/1/1989,95.51346468,67.31762773,47.60539016,68.78436714,90.20321284,62.67478625,64.92669391,64.82979177,74.5159939,77.80834047,82.94658528,70.52177132,72.83197435,71.55414662
7/1/1989,96.25204334,67.31975518,47.50318191,69.59128116,90.70773139,62.96012619,65.31818754,65.38562218,74.18127298,78.04240886,82.17128637,70.32844152,73.12303929,71.77178948
8/1/1989,96.66238933,67.11213441,47.48224929,70.71573793,91.36515779,63.22961851,65.56011897,65.68316436,73.43515633,78.25992114,81.93614834,70.37390471,73.26739216,72.39003203
9/1/1989,97.19970912,66.89734278,47.6006602,71.59164011,91.92728174,63.39789709,65.7390033,65.99968963,73.0104192,78.25032073,81.53717608,70.17945674,73.58499685,72.78963911
10/1/1989,97.87971071,67.42966915,47.89667429,72.4255909,92.19025682,63.77055963,65.71917072,65.64129944,72.71688526,78.37822444,81.78816114,70.06139616,73.77433782,73.46164994
11/1/1989,98.99646192,67.5912056,48.10973219,73.0152288,92.38246587,64.17645153,66.07614996,65.66822026,72.9911343,78.32395846,81.5503455,69.87009731,73.99421013,74.26372912
12/1/1989,99.77023634,67.85024518,48.21336992,73.39491754,92.84075265,64.38675057,66.04346847,65.8670852,73.00086711,78.72279768,81.34384681,69.67911657,74.3672485,74.86157972
1/1/1990,100.4711925,68.20841683,48.23966441,73.6425064,93.36285479,64.52666251,66.03734545,66.08508812,73.09679106,79.16609822,81.03500328,69.35588735,74.76445483,75.55865322
2/1/1990,100.7615717,68.64578968,48.36397299,73.82260421,93.66452649,64.66029522,66.06920542,66.54071603,72.8733044,79.66911514,80.98286107,68.7005541,75.35572936,75.6367344
3/1/1990,100.9928379,68.78706359,48.49597248,74.59500894,93.60513787,65.0839931,66.10931075,66.77069796,72.19255065,79.53469814,80.80771443,68.90407717,75.46923582,76.59843035
4/1/1990,100.9904097,68.28865541,48.52075477,75.06539467,93.58553395,65.25624467,66.08932675,66.94435995,71.64670457,79.44380215,80.21306972,69.47572132,75.51619659,77.26539056
5/1/1990,100.3945833,67.86460942,48.46948274,75.02009431,93.11216084,65.61998711,66.14401979,66.96895044,70.69340526,79.68157565,79.55356747,69.9953881,75.77602924,77.85265409
6/1/1990,100.1110461,67.57712122,48.57999866,74.58836007,92.63377017,65.95858251,66.13144628,67.2033143,69.99001572,79.85722195,78.93322447,70.25085345,76.05252566,78.72967092
7/1/1990,99.50556922,67.54680168,48.65507827,74.0484706,92.22728519,66.37529005,66.0962285,67.25760453,69.35506354,80.03331359,78.29566605,70.66221032,76.39684953,79.645367
8/1/1990,99.04618276,68.00981135,48.6734231,73.75247492,91.841703,66.72946192,66.16850945,67.3931324,68.90485173,79.86844152,77.550183,70.57985412,76.58467006,80.57561184
9/1/1990,98.42543959,68.7235995,48.75710401,73.48238408,91.43171524,67.03578897,66.24074249,67.40849194,68.60414032,79.67445535,76.67560322,70.94446327,76.68803396,81.00371791
10/1/1990,98.00144608,69.15128163,48.66567783,72.90660101,91.25676104,67.31937272,66.43304675,67.70134035,68.08432555,79.43833552,76.31226899,70.71754631,77.12552242,81.54863816
11/1/1990,97.11387198,69.65869503,48.75345232,72.37480808,91.00598846,67.49747259,66.4955008,67.9334307,67.12313762,79.54759287,75.8818278,70.96349311,77.56604879,81.37619139
12/1/1990,96.54814971,69.90274798,48.73388328,71.86458461,90.93694273,67.93832377,66.68028977,68.05407047,66.19168996,79.35179117,75.61630737,70.75132771,78.04133866,81.70149178
1/1/1991,95.56901452,70.56680032,48.93966541,71.93549502,89.70687111,68.97328869,66.87284772,68.15612781,65.31044604,79.02378864,74.74340913,70.83917887,78.23160321,81.09395183
2/1/1991,94.70420277,70.4088484,48.98109824,71.1263905,89.26461007,70.82548484,67.02227459,68.02042817,64.75096488,78.72198018,74.10952487,71.09831412,78.54116379,82.05602362
3/1/1991,93.77260585,70.38323784,49.05964807,70.60820847,88.21111548,70.73898434,67.36735714,68.52865015,64.45087486,78.72800019,73.57918283,70.94470474,78.58471643,82.15405279
4/1/1991,93.7417277,70.65566648,49.30517116,69.90926822,87.92178152,70.18905456,67.52682764,68.88789142,64.03308056,78.74181305,73.05444728,71.23572654,78.60785153,82.23853411
5/1/1991,93.90924694,71.22202839,49.55107653,70.01055909,88.65127268,70.2720039,67.85177211,69.30010255,64.08566826,78.23809601,73.08762508,71.39564397,78.57521885,82.34876717
6/1/1991,94.06281231,71.40606555,49.89468309,70.28133787,88.93663737,70.56058046,67.98978858,69.29883329,64.06278068,78.52127945,73.45791439,71.31899241,78.6268265,82.26514289
7/1/1991,94.28456757,71.4846498,50.32977603,70.65760731,88.99454498,70.90704426,68.29577471,69.56703421,64.01216529,78.63323191,73.91089357,71.58321691,78.93083554,83.34238723
8/1/1991,94.25830189,71.36837378,50.50957026,70.82774916,88.61242336,71.36754634,68.44655856,69.85903034,64.09624725,79.38542686,74.24296782,71.79167894,79.3229151,83.63962025
9/1/1991,94.09221156,71.47148078,50.65448541,70.82243417,88.4878281,71.93752928,68.98992024,70.48691924,64.13621755,79.06700812,74.38694895,71.96635815,79.67628284,84.86030847
10/1/1991,93.87506098,71.69627343,50.8279882,70.71237053,88.42486618,72.39241392,69.29003091,70.81007766,64.106587,79.09975735,74.56342999,72.18106631,79.98454538,82.98717242
11/1/1991,93.47021989,72.00295315,51.04358149,70.53437961,88.67220495,72.89168386,69.79616698,71.22027095,63.86310142,79.06990135,74.61713624,72.37210923,80.16762666,81.58382135
12/1/1991,93.13647828,72.12002467,51.32470642,70.45028932,88.47108886,73.20557344,70.12653771,71.21495249,63.80667687,78.98207275,74.76801751,73.01373509,80.47303573,82.82697453
1/1/1992,92.78692565,72.50431705,51.52270247,70.3952019,88.57380695,73.58233855,70.59859798,71.92314513,63.55935725,79.02543663,74.75714854,73.42500637,80.8008988,83.04179554
2/1/1992,92.5712374,72.00373376,52.28345304,70.33955339,88.22229819,74.15043749,71.02775844,72.37133597,63.56026539,78.65881706,74.81559117,73.71831704,81.27572608,83.49920959
3/1/1992,91.91146509,71.96274977,53.06680967,70.19474062,88.64235328,74.70568815,71.42934772,73.22801402,63.81148278,78.93336151,74.95549493,73.89172471,81.3835403,83.11756169
4/1/1992,91.44047124,71.55176113,53.57600565,69.68574245,88.84092654,75.40858315,71.91544712,73.13760483,64.40079349,79.16724871,75.16757144,73.22575826,81.6644305,83.00711629
5/1/1992,90.86829045,71.56740842,53.79891703,69.72902808,88.9810159,75.96535481,72.2162432,73.13576059,64.35109031,79.65929942,75.15159679,73.41964539,81.82275682,83.21133818
6/1/1992,90.16635477,71.43447271,53.94776582,69.48889699,88.86900164,76.50940238,72.48424118,72.91322388,64.14733144,79.78796919,75.05673383,74.1314823,82.07395244,83.13142394
7/1/1992,89.48815889,71.97590707,54.13749469,69.27229693,88.50041255,77.03577148,72.86668161,72.6679217,63.94028887,78.05915022,74.96397426,74.900439,82.08889162,82.7665108
8/1/1992,88.9281637,72.33884808,54.39327064,68.96255768,88.48219723,77.59483826,73.2686053,72.76452982,63.96668379,77.81968672,75.10610664,74.97800634,82.40659023,82.39931283
9/1/1992,88.31917896,72.60804593,54.71596383,68.8054814,88.40575551,78.02051158,73.76700825,72.83163222,63.90467393,77.45863858,75.08589932,75.23498355,82.73636372,82.4727059
10/1/1992,87.35747384,72.80477589,54.81660362,68.82778854,88.59101257,78.58469636,74.14396826,73.0273562,64.03007273,79.33493472,75.0528953,75.54550544,83.04001512,82.95915079
11/1/1992,86.64298371,72.95688077,55.24260324,68.74531672,88.67120716,78.95656911,74.4535136,73.18350232,64.03328963,79.50046883,75.19315222,75.91074367,83.32470497,83.30722634
12/1/1992,85.81559288,73.23765543,55.59969577,68.58394083,88.81235326,79.17055386,74.90161462,72.90440453,64.46824945,79.84625911,75.40121116,75.84862024,83.4244422,82.89290551
1/1/1993,85.24629519,73.17330474,56.12703475,68.45096379,89.06511779,79.34764191,75.21526459,73.34052595,64.86149485,79.85125091,75.74098727,76.01197427,83.70186638,82.5646482
2/1/1993,84.66070467,73.27825322,56.43268358,68.29010068,89.27957413,79.23639689,75.59570634,73.95768671,64.94981424,80.04271987,75.88738072,76.00864013,83.87020084,83.00877139
3/1/1993,83.61611477,73.73531924,56.95378694,68.06550564,89.43854112,80.24743575,75.67028,74.78362284,64.82354163,80.01972615,75.98770285,76.21545366,84.09230752,83.20102763
4/1/1993,82.79206094,73.92324284,57.14727715,67.99124083,88.941327,80.97467044,75.92417327,75.11750362,64.70848633,80.33049247,76.0685887,76.32460127,84.51563114,82.79883295
5/1/1993,82.04289904,73.90353432,57.56507596,67.76187035,88.48188277,81.72797699,76.21766263,75.43188977,64.83481836,80.9579805,76.1431274,76.69250704,84.96014275,81.96120984
6/1/1993,81.42818087,74.00505134,58.1798766,67.4732631,88.64959241,82.22028572,76.78954131,75.58286371,65.14505551,81.34878134,76.33019992,77.29323673,85.13120331,81.91955989
7/1/1993,80.56679607,73.99362431,58.80981747,66.93130638,88.8177544,82.51900773,77.14320934,75.81561793,65.51829115,81.7976199,76.31694982,77.54880839,85.35477905,81.99296948
8/1/1993,79.48271274,74.45113654,59.53391323,66.9510669,88.92433664,82.83688462,77.4498852,76.05590242,65.73234773,82.02720255,76.27555177,77.62767399,85.55165987,82.39791471
9/1/1993,79.04525862,74.2815639,60.14120307,66.83162536,88.79469402,83.480352,77.60153685,76.23008014,65.84808935,82.35451728,76.33349724,77.81233923,86.0866814,82.87677659
10/1/1993,78.38241194,74.68057666,60.84226607,66.77202383,88.62247271,83.99881203,78.02260145,75.70057189,65.88442887,82.6141469,76.50185049,78.11228431,86.43462937,83.14229149
11/1/1993,78.23052404,74.72447026,61.42960678,66.72437038,88.50734274,84.50289026,78.39280767,75.89646193,66.22363686,82.47747676,76.73839144,78.42613359,86.89557412,83.74022872
12/1/1993,77.57221362,75.15063512,62.24334666,66.63097847,88.83572443,84.7541087,78.86103437,76.13776726,66.51702564,82.71422424,76.8039451,79.10654172,87.19445761,83.79649923
1/1/1994,77.39505181,75.72619341,62.81917654,66.63480933,88.9884667,85.18361346,79.26012939,76.5333279,66.81800036,83.36083072,76.84823089,80.19447946,87.62659139,83.97279008
2/1/1994,77.44437859,76.33377099,63.47928951,66.64856075,89.02117307,85.7432284,79.71497991,76.70318015,67.06787746,84.3493376,76.91018123,80.17072561,87.9882883,83.75534638
3/1/1994,77.26265128,76.86524642,63.94002814,67.3218608,89.30535165,86.27929731,80.07869708,76.81987853,67.46892018,85.17385941,77.2395177,80.07941885,88.5633774,84.07716828
4/1/1994,77.08542367,77.86191748,64.5488288,67.41857715,89.48114613,86.95035484,80.47715481,76.73256376,68.02622308,85.07472853,77.59430173,80.20488904,89.1667639,84.4004878
5/1/1994,76.66513195,78.77987884,65.04630366,67.53725164,89.78923765,87.58516344,80.76591521,76.91392797,67.93091046,85.06085353,77.96721675,80.56874539,89.7478808,85.44074657
6/1/1994,76.43503397,79.65272632,65.60516508,67.61272761,90.09104674,88.05693388,81.01945807,77.34428993,68.12717498,85.28866832,78.05827528,80.6155097,90.16364849,85.9274888
7/1/1994,76.40982861,80.66718226,65.9623194,67.64045048,90.18055149,88.47373027,81.33814119,77.88727693,68.16303369,85.64654547,78.24129255,80.65972953,90.44584037,86.29418121
8/1/1994,76.40972254,81.10805059,66.2982269,67.68213571,90.07934677,89.01199282,81.60692435,78.15330766,68.28706101,85.99804996,78.34212843,80.91009588,90.76442796,86.06953098
9/1/1994,76.43433569,81.69227554,66.51538998,67.54309043,90.05467581,89.44571738,81.85514598,78.47260411,68.44192535,86.16427127,78.41461088,81.17584662,91.08941422,86.17494037
10/1/1994,76.54724475,82.05515083,66.85554047,67.7934254,90.03542298,89.97719426,82.06723317,78.84691986,68.6559182,86.25739619,78.44565186,81.61725909,91.86431012,86.27889209
11/1/1994,76.46888715,82.7686627,67.18366378,68.05065824,90.13594982,90.62873557,82.29940594,79.30457811,68.79113636,86.51680083,78.38035214,81.71564814,92.50395193,86.54256586
12/1/1994,76.39423565,83.67007711,67.57483107,68.31163645,89.94778317,91.50457591,82.47599777,79.5853951,68.78034961,86.83560105,78.49056028,81.86094583,93.07948766,87.22370561
1/1/1995,76.37638923,84.48245727,67.95491088,68.41540707,89.67030283,92.43356686,82.80312715,79.97596242,68.79354969,86.9199855,78.56928702,81.88323369,93.59057086,87.31728176
2/1/1995,76.02272701,85.65272325,68.31042058,68.32134224,89.60413981,93.05841653,83.17962968,79.97131872,69.01233943,86.7122945,78.7831455,82.15419248,94.07408988,87.5920859
3/1/1995,75.77565159,86.30299326,68.60078888,67.72523946,89.39826533,93.48466999,83.54929649,79.89467808,69.12558135,86.75390813,78.56712579,82.28154816,94.76826524,87.74011591
4/1/1995,75.35666549,87.00228802,68.73458186,67.40639172,89.12787655,93.62853867,83.95100061,79.67326653,68.98109005,86.70807024,78.44575211,82.34676126,95.13628061,88.26537889
5/1/1995,75.11777659,87.57665402,69.1555659,67.10597991,88.9342637,94.21584825,84.26668879,80.38554025,69.09352015,86.81621635,78.43491224,82.31616388,95.7882418,88.14618117
6/1/1995,74.55546599,88.38395111,69.37444036,66.92125416,88.66953882,94.88717411,84.39287552,80.72591892,69.38910477,86.96212106,78.43181628,82.51724797,96.26307106,88.02933659
7/1/1995,74.50003718,89.15770286,69.81829866,66.96452096,88.56682053,95.86136925,84.43674251,82.06489882,69.69654682,86.95428484,78.4531823,82.84651638,96.91423636,87.91708662
8/1/1995,74.2803678,89.76750293,70.16310581,67.01859363,88.64910242,96.58897306,84.55552776,82.25639509,70.02586284,87.26441247,78.43677695,83.10924362,97.32680751,88.32962852
9/1/1995,74.19116631,90.47940523,70.69994118,67.10789585,88.79648249,97.41024405,85.02708209,81.76439525,70.12427896,87.23714047,78.50593285,83.42862991,97.78782321,88.64819122
10/1/1995,74.08742553,91.13819799,71.05929704,66.97134682,88.75763847,98.00508917,85.64220265,82.0984388,70.1424518,87.44639625,78.67124521,83.51243789,98.49603681,88.91760176
11/1/1995,74.02906751,91.82069958,71.35671213,66.90643759,88.64881131,98.66793812,86.15888637,82.18399932,70.11222412,87.39193944,78.74480863,83.87563909,99.0851286,89.00810031
12/1/1995,73.93694589,92.13411422,71.63557747,66.84972074,88.63947038,99.47795718,86.55868266,82.58676544,70.26605753,87.51504496,78.85489948,83.95950958,99.92624996,89.12769002
1/1/1996,73.91998918,92.71343557,71.73647718,66.87771628,88.65536856,100.1456249,86.91754533,82.87110695,70.68080928,87.43319378,78.95019497,84.25877402,100.3782066,89.18629334
2/1/1996,73.84378117,93.0967473,71.96380722,66.90402812,88.53677039,100.8760637,87.43476586,83.51441174,70.95717037,87.51813098,79.2184123,83.91742409,101.2897221,89.49679015
3/1/1996,73.85540325,93.88357438,72.33621947,66.80768708,88.60999896,101.3743405,87.69138828,83.70152689,71.39313961,87.16270056,79.50162261,84.01746122,101.6755418,89.44004219
4/1/1996,73.85737182,94.69510983,72.89679212,66.69168718,88.87265128,101.7643034,88.13393024,84.29870922,71.65658078,87.34445875,79.60855292,84.82817789,102.7031452,89.7730632
5/1/1996,73.99548239,95.43402423,73.32959776,66.78422557,88.87464349,102.5783676,88.58733153,84.8288364,71.81921793,87.46733396,79.77581825,85.0566598,103.2673024,89.82053399
6/1/1996,74.15439578,96.33369143,73.33505726,67.01561405,88.78384803,103.2753477,89.25213735,85.34789402,72.08398908,87.57438438,79.36633005,85.21057603,104.1368855,90.21653008
7/1/1996,74.11319864,96.75566019,73.52729217,67.21614033,88.70674846,103.9918802,89.89581528,85.85760318,72.43676852,87.82550442,79.43090509,85.17526031,104.316815,90.21814691
8/1/1996,74.04838734,97.46108548,73.54370724,67.5447017,88.64388975,104.226073,90.22935186,86.36868115,72.93205663,87.84267653,79.56291371,85.30970788,104.700671,90.10665314
9/1/1996,73.99947215,98.19860703,73.89553923,67.79587905,88.67857646,104.6521814,90.61764983,86.77037211,73.01787345,87.98318559,79.75952984,85.53853467,104.7786927,89.81414896
10/1/1996,74.18013077,99.21320358,74.25580031,68.26022798,88.81802296,105.061571,90.94371143,87.41279483,73.32434794,87.94339395,79.8912833,85.81222567,105.4223614,89.66398018
11/1/1996,74.41817272,100.0452493,74.74007964,68.93506295,88.92154548,106.0946494,91.55348563,88.29370791,73.4757985,88.11118231,79.91657939,86.11984628,106.0378775,89.48024638
12/1/1996,74.51555366,100.5282867,75.18737852,69.20716989,88.67360543,106.6794302,92.2013613,89.04411566,74.19628005,87.99853058,80.19763509,86.45211962,106.5756192,90.142155
1/1/1997,74.53688361,101.0772683,75.38977373,69.63862428,88.77522391,107.3272077,92.74675925,89.90608218,74.60848785,88.05623137,80.43598877,86.51956493,107.072559,90.78171937
2/1/1997,74.40240725,101.6579955,75.75876646,69.83533753,88.97133459,107.5049229,93.33207571,90.57173806,74.90566824,88.06721248,80.59488055,86.52969407,107.4311992,91.63062792
3/1/1997,74.79060446,102.9441448,76.17491439,70.63641283,89.33657982,108.0410813,94.02493323,91.27594474,75.35396853,88.3407098,80.58976499,86.82976848,107.8180684,91.91016623
4/1/1997,75.2726918,103.4823663,76.58522738,71.26260376,88.92303993,108.39037,94.72991863,92.29220694,75.72551304,88.55171307,80.67444212,86.92497532,108.3548855,91.62651332
5/1/1997,75.76476194,104.2171881,76.94419148,71.7915372,88.93232402,108.849527,95.12279373,92.9338013,76.13255766,88.66629478,80.95413632,86.88887255,108.6478834,91.50306568
6/1/1997,76.19281468,104.4325624,77.34586558,72.31046201,88.97203238,109.142067,95.59062736,93.72011409,76.49466283,88.75044231,81.39361165,86.889531,109.3060094,91.72252405
7/1/1997,76.54269976,104.9357642,77.8035258,72.80428269,89.00796713,109.6610379,96.13186177,94.47346842,76.75320938,88.80638717,81.77725349,87.22231932,109.6704542,92.07663923
8/1/1997,77.16443952,105.2198095,78.30869334,73.57360831,89.11717571,110.4128119,96.87524986,95.64453002,77.07422986,88.88784076,81.94290517,87.56379074,110.1915026,92.48585535
9/1/1997,77.55531435,105.6243829,78.44266964,74.11510266,89.22958829,110.852826,97.61565042,96.98842655,77.44238503,89.17145214,82.06119083,87.96700228,110.669104,92.58626548
10/1/1997,78.23305835,105.8171483,78.82110657,75.037768,89.54497116,111.1029633,98.29213049,98.05646258,78.00217566,89.59253672,82.3419138,88.32528459,111.0543764,92.88707237
11/1/1997,78.89130985,106.4012282,79.3330854,75.67543001,89.75168498,110.9314912,98.95753603,98.86402357,78.61892057,89.90823021,82.82154793,88.92104238,111.1762233,92.89832669
12/1/1997,79.90761184,107.2888579,80.04482294,76.4997029,89.97205784,111.2509458,99.6444483,99.62593078,79.28475524,90.32575944,83.27303308,89.37863657,111.2975832,93.20487637
1/1/1998,81.03503708,107.7686851,80.6537814,77.20217696,90.10814916,111.4685497,100.4128545,100.1886986,79.89948046,90.72545794,83.73016695,90.18741067,111.6694651,93.24194322
2/1/1998,82.19181168,107.9102412,81.00893166,77.67771792,90.22018711,112.1528377,100.9384966,100.9717054,80.57402474,91.05560916,84.41217719,90.54343112,112.2786225,93.58978181
3/1/1998,83.65321759,108.1454941,81.23524243,78.30659237,90.34590232,112.3353385,101.7151348,101.6311664,81.17811379,91.13743993,84.94315257,90.69963821,112.696574,94.78434119
4/1/1998,84.39878813,109.033793,81.76309515,79.12785872,90.55001445,112.3204356,102.2720775,102.974796,81.94568722,91.22682734,85.41657174,90.66910343,112.7755689,94.77234413
5/1/1998,85.39577778,109.2368876,82.41652794,80.2151006,90.84264544,112.8180053,102.9890357,104.4066829,82.79338062,91.44620754,85.98712485,90.992326,112.9404493,94.54267656
6/1/1998,86.44541836,109.7398447,83.07923734,81.39190998,91.29731701,113.3768923,103.7034544,105.6098484,83.68358849,92.03294107,86.4824261,91.56294213,113.2531555,94.22762255
7/1/1998,87.85152232,109.9912588,83.74102077,82.38230052,91.54794727,114.0326526,104.0826017,106.387834,84.4904381,92.65780018,87.1611833,91.8074783,113.6674999,94.29861832
8/1/1998,88.93477937,110.554289,84.54921028,83.51693686,91.78473421,114.5454592,104.4966365,107.3556195,85.27779743,92.9075924,87.66588549,92.15267473,114.0228451,94.41098322
9/1/1998,90.08424997,111.2109412,85.25428729,84.43969142,91.96941183,114.7971172,104.9660752,108.4654876,86.20229307,93.06796828,88.22858049,92.27439855,114.169981,94.78792633
10/1/1998,90.77409985,111.595495,86.05164392,84.96501086,92.40260791,114.8778897,105.3255618,109.6255688,86.57525039,93.14075547,88.73920323,92.51627843,114.6000581,94.88091169
11/1/1998,91.29391235,112.0359651,86.80162259,85.1642103,93.01248275,115.5270962,105.7987219,111.1564556,86.88352175,93.37179655,89.25959811,92.10874386,114.9270406,95.29215676
12/1/1998,91.78123481,112.0679733,87.42965623,85.39775518,93.51338267,115.6068355,106.0128828,111.7315199,87.78784478,93.56889319,89.5583978,92.65798424,115.2594165,95.6343754
1/1/1999,92.14008625,112.8363104,88.49262928,86.22789355,94.18805418,115.7041989,106.403678,113.3549119,89.24213959,93.94536505,89.85618597,92.94203664,115.6546624,96.2499272
2/1/1999,92.71811851,113.2639602,89.45874099,87.21906555,94.42715074,115.3437517,106.881886,114.5013144,90.56060728,94.42897756,90.51220494,93.52196662,115.9571903,96.78813624
3/1/1999,93.38405497,113.5728404,90.85743266,88.29171244,94.92750353,116.1707039,107.4563695,116.3910356,91.28855851,95.11681805,91.28555798,93.62458144,116.6831166,96.69665692
4/1/1999,94.38407186,113.5253187,91.68818518,89.08616971,95.52102878,117.1193798,108.081505,117.2732108,92.1533825,95.85168247,92.27485357,94.65439648,116.6014652,96.86034218
5/1/1999,95.23315472,113.7289094,92.54857787,89.97017117,95.85611276,118.1077197,108.7053592,118.2843081,92.99917488,96.17969319,93.00047385,95.43281958,116.8555975,97.33750342
6/1/1999,96.02552776,114.0536344,93.39492011,91.27607868,96.5919367,117.8390756,109.0207496,119.6755968,93.80059066,96.08017005,94.03505251,96.31771925,116.8215617,97.95334283
7/1/1999,96.64867112,114.4553192,94.37796331,92.89292848,97.294907,117.7945787,109.5119102,121.2571627,95.07794678,96.79035913,94.93969837,96.62968229,117.036786,98.22249197
8/1/1999,97.17484698,114.7553522,95.55534868,94.27522611,98.01488089,117.8318582,109.8604777,122.1184681,96.08005013,97.2803909,96.02420387,97.17505505,117.3214857,98.18055286
9/1/1999,97.67920952,115.0462593,96.95895761,95.5962274,98.59970275,118.1291382,110.2765554,123.1955883,97.20470951,97.88827881,96.79117484,97.75031606,117.7235729,98.57566239
10/1/1999,98.328701,115.4338195,98.03769117,96.76429573,98.99249312,118.7979495,110.7513745,124.095356,98.21241963,97.94699026,97.59161814,98.66090949,118.028713,98.98939042
11/1/1999,99.23870321,115.9076763,98.84846677,98.50882748,99.45585622,119.1139485,111.098988,125.282529,99.27091232,98.54636049,98.40007507,99.40511281,118.4450638,99.54297917
12/1/1999,100.3296484,116.629696,99.66617859,100.0291529,100.094135,119.4409512,111.6535514,125.9766535,100.3583134,99.31631561,99.35196677,100.1432564,118.6938529,99.85235171
1/1/2000,101.0312093,116.8455817,100.663014,101.4499539,100.8718324,119.7727215,112.157385,126.4199768,100.9198171,99.94340918,100.3392301,100.5648396,119.2967154,100.4013792
2/1/2000,102.0434064,117.4795972,101.6525472,104.1706043,101.7012372,120.0050231,112.7909981,126.978785,101.8942215,100.4737866,101.2406567,101.411386,119.5742778,100.904482
3/1/2000,103.2246994,117.9992113,102.73559,107.3372228,102.8941892,120.950254,113.2063822,128.1233038,102.6510122,101.0864618,102.0606312,102.4277596,120.1514893,101.4374829
4/1/2000,104.159399,118.4666719,103.5434323,110.6329942,103.9540369,121.3782559,113.6804638,128.9946825,104.3476525,102.0112627,103.1325035,103.4111918,120.8657259,101.5957005
5/1/2000,104.9246979,118.8851887,105.3022503,113.8005135,104.9246176,122.1673818,114.1978556,130.220039,106.0095429,102.7529686,104.9158685,104.3911075,120.9406359,102.0469294
6/1/2000,105.6934072,119.3610208,106.9080693,116.8151059,105.7185093,121.8042843,114.6767184,131.2041349,107.9302733,103.4057954,106.0646994,105.5093608,120.8948464,102.2784767
7/1/2000,106.3246874,119.9652889,108.299133,117.8649973,106.7113598,121.6004083,114.9940436,132.2891623,108.9245284,103.6962614,107.0202911,106.0311411,121.290294,102.6734787
8/1/2000,106.9666327,121.0171563,109.2996235,119.0478371,107.7926427,121.6044632,115.2858068,133.2857395,110.1291741,104.35609,108.0247499,106.4225177,121.7247688,103.2220011
9/1/2000,107.8867871,121.6985769,110.5514338,120.4148555,108.9946546,121.7997802,115.5396139,133.8947044,111.3708453,105.1079677,108.8255102,106.7101025,122.242803,103.8936804
10/1/2000,108.8086567,122.8347063,111.7279527,123.250015,109.8719599,122.1114899,115.8141978,135.2622587,112.9694186,106.0967006,109.7860037,106.9778297,122.7244364,104.675437
11/1/2000,109.9839187,123.5199511,113.0985695,126.4431114,111.0880112,122.4379738,116.2411878,136.1349114,114.7702489,107.403798,110.6366845,107.4722863,123.2330236,105.0359555
12/1/2000,110.7160052,124.8350503,114.5405619,130.061234,112.4042338,122.7016927,116.7144976,137.9123746,116.9504966,108.6589524,111.8395437,108.1494834,123.9485867,105.5192317
1/1/2001,112.0314763,125.5832446,115.5055318,133.0402447,113.7944111,123.2648282,117.7099059,138.8610661,118.8376383,110.2410822,112.9362586,108.9228475,124.6365022,105.7701062
2/1/2001,112.9028992,126.5822865,116.8803771,135.0752616,115.3905908,123.9567212,118.6079406,140.0442348,120.4067084,111.0737813,114.2519525,109.5209268,125.4442937,106.1714893
3/1/2001,114.1784971,127.526114,117.2387861,134.9369746,116.8383179,124.7630999,119.5633595,140.5726601,121.5561498,112.2704672,115.3142239,110.3573887,126.1905175,106.9856163
4/1/2001,114.6367963,128.5972029,118.5200772,133.8557925,118.6305676,125.5387445,119.9005041,141.5145829,122.7395988,113.5252429,116.3649663,111.2885846,127.006781,107.9476745
5/1/2001,115.2573894,129.8798317,119.2530307,132.6620074,119.2568578,126.4999924,120.290794,142.2515018,123.1776462,114.7737642,116.9782083,112.0870496,127.2912849,108.7427129
6/1/2001,115.7346117,131.094686,119.9740927,130.8338026,120.2462948,125.8619591,120.6650727,142.5928428,124.4397084,115.9053585,118.0750679,113.2163715,127.8154656,109.506724
7/1/2001,116.3756328,132.2574223,120.3902108,129.2811047,121.0806868,125.2639883,121.2822748,143.7984688,125.6014933,117.1336269,119.2232073,114.2107239,127.764284,110.3045266
8/1/2001,117.3585197,133.1196608,120.9636719,128.330618,122.0872402,124.6764593,122.096781,144.7790878,126.9430992,118.2926518,120.5863684,115.2511651,127.9255431,110.9728523
9/1/2001,118.3400899,134.2341828,121.505659,128.1842022,123.1038102,124.6545859,123.0430498,145.8737931,128.1460973,119.5218382,121.9830038,116.0953726,127.9456346,111.7007452
10/1/2001,119.3156597,135.2370206,121.6978793,128.2106527,124.1343564,125.1213442,123.9063482,146.9700153,129.1332962,121.0906198,123.0949153,116.5205979,128.8469963,112.0801175
11/1/2001,120.3032059,137.284706,121.6419637,127.674898,125.0464002,125.6849682,124.9745493,148.0428777,130.1815646,122.7012122,124.4044394,116.8041676,129.7457944,112.9690874
12/1/2001,121.2896199,139.115221,121.6247673,126.8430889,126.1781123,126.3438012,126.2474407,148.7533497,130.5095122,123.7657784,124.5753368,117.0897046,130.7050279,113.5169007
1/1/2002,122.706507,141.6265109,122.0969469,126.8420594,127.2457014,126.872688,127.2893334,150.0001641,131.3530077,124.4981637,125.3799153,117.5051496,131.7088717,114.4515495
2/1/2002,123.9895209,143.0345795,122.3932653,127.6140994,128.8238204,127.3006026,128.3973936,151.2615478,131.773577,125.4276806,126.0977109,118.1213874,132.3370702,115.0039729
3/1/2002,125.456074,145.3319359,123.1059852,129.5599382,130.1388682,127.86968,129.6369821,152.7939417,132.9679085,126.6489171,127.3206369,118.7218106,132.651973,115.4045696
4/1/2002,126.8519023,146.7704061,123.3321272,132.1103713,131.6233105,126.0232272,130.9273192,154.4437759,134.5278042,128.0933027,128.6930178,119.6348436,132.9499275,115.3987117
5/1/2002,128.6919861,148.7715298,124.0086401,134.7483537,133.2949203,125.3185223,132.4655338,154.9312781,136.6817978,129.7919165,130.4848078,120.339117,133.0248687,115.8738363
6/1/2002,130.7723062,150.7867967,124.2546824,137.5691842,134.8405686,123.7576154,133.9242161,156.2315901,138.7718362,131.5675026,132.4956319,121.0532385,133.0985244,116.3382142
7/1/2002,132.8587181,152.8298184,124.6760481,139.3733357,136.9985874,122.6269965,135.8000236,156.5417828,140.5415638,133.4807435,134.85441,121.8597314,133.14337,116.8268355
8/1/2002,135.0852203,155.105686,124.6110155,141.1079098,138.9549717,121.5904684,137.5650288,157.3125343,142.3079372,134.9079969,137.0033494,122.6348995,133.0778698,117.2726684
9/1/2002,137.2367333,157.5274391,124.666949,141.8508326,140.8022392,120.6263467,140.5732216,157.2980061,144.203128,136.5818412,138.826657,123.4835618,133.0425752,117.8044944
10/1/2002,139.7231014,159.8335491,125.0002611,142.818293,142.448935,120.3463595,143.8046904,158.1867911,145.8483892,138.2664212,140.8017518,124.3509237,133.7037746,119.1616615
11/1/2002,141.8243803,162.4826991,125.5550037,143.6332243,143.8658275,119.8420344,147.6961698,158.8701233,147.4093207,139.8373196,142.8434883,125.3167017,134.0778476,120.6010873
12/1/2002,143.9820568,164.827329,125.7120333,143.8192931,145.5904868,118.6544245,152.1519531,159.6756198,147.8583505,141.7057948,144.9136056,126.3662075,134.6471831,122.0057822
1/1/2003,145.7524011,167.4200466,125.6195076,143.7339216,146.6768508,118.1639032,156.3291112,161.3987983,148.5245802,143.7750673,146.6389916,127.2223759,134.9840022,122.9138118
2/1/2003,147.3087561,169.4736841,125.5986609,143.8503292,147.9439933,117.8817058,161.6481662,162.6765532,149.6978968,145.8722574,147.9371017,128.2111786,135.6059002,123.748591
3/1/2003,148.8817391,171.7976102,126.1110242,143.9563287,148.6999298,118.590968,167.7971541,163.7646984,150.9728617,147.3891276,149.2163176,129.4855192,135.8627672,124.3311164
4/1/2003,150.4855637,173.0889315,125.9157511,144.2986868,149.9296942,116.675282,174.6366014,165.0675423,151.6417602,148.6999615,150.3398921,129.7828275,136.1229773,125.2878553
5/1/2003,152.2882891,174.6902033,125.7775616,144.3747826,151.3691704,113.9746996,181.1306678,165.1698117,151.8789754,149.7636177,151.4919331,130.5289689,135.4061842,125.9702888
6/1/2003,154.0628839,176.5373894,125.0805289,144.840304,152.9963327,111.4747044,188.9478576,165.4179115,152.3787284,150.7203611,152.2470252,131.0227088,134.8919917,126.9435156
7/1/2003,157.0161428,178.2783624,125.1645151,146.1748397,154.7131001,111.0707833,196.1594929,165.2084444,152.8919967,152.776178,153.2896839,131.6989267,134.0917013,128.3570122
8/1/2003,160.1046741,179.768759,125.5974751,147.795701,156.7933984,109.7426878,203.00431,165.3222698,153.5646929,155.0509791,154.4867389,132.1947263,133.5627719,130.4353858
9/1/2003,163.5882624,181.0198033,125.8291737,149.63702,159.2560198,108.5118218,209.5774759,165.58652,154.607062,157.0674752,156.3631522,133.2858005,133.0457234,132.6996348
10/1/2003,167.0564496,182.1000958,126.2980943,151.5501078,161.6939736,106.554942,213.6183849,166.9076754,155.9018892,159.0842376,157.976732,134.447004,132.6704482,135.7038005
11/1/2003,170.7570392,183.4166447,126.7962021,153.7302543,164.1650016,104.1659287,217.4108864,168.2862993,157.6826972,160.7538561,160.0162341,135.6524812,131.3628133,138.7973858
12/1/2003,174.7845748,184.7359571,127.2641012,155.9872731,166.5218995,102.4542822,220.1776288,169.3292486,159.3034752,162.6049227,161.8944577,137.0408824,130.4424116,143.0771189
1/1/2004,178.7737512,186.3840925,128.0829352,157.8431308,169.5353028,100.3785786,223.0111542,170.1226491,160.5728026,164.8300581,163.6428144,138.025284,129.6991316,147.2387019
2/1/2004,182.9149478,188.0177456,128.6404465,159.9539334,171.795456,98.64486042,225.2538716,171.4529197,161.9873519,167.0463278,165.450288,138.7624246,128.7056279,151.6328366
3/1/2004,188.7866711,189.5457516,129.2500161,162.2127101,174.6480256,97.92387025,226.4856672,172.2540479,163.2533388,170.3128243,167.4798225,139.6106471,127.4958447,159.8350319
4/1/2004,194.5002815,189.9582955,129.2902888,164.5344965,177.8455356,96.26839868,227.7786617,173.7578453,165.531478,173.1014309,169.1423253,140.1710419,125.6018505,167.5099051
5/1/2004,199.7377635,190.5241475,129.3119732,166.7999612,182.0080897,94.5874359,228.0604669,172.8186239,166.1745069,176.5602731,171.1441641,141.4729613,124.6272764,175.425905
6/1/2004,205.2786708,190.3815,129.843558,169.835296,186.7273698,93.36341904,227.5405894,171.4454467,167.5167308,179.8376409,173.3473964,142.3152582,123.0790881,185.0011655
7/1/2004,209.297252,190.1987218,129.969807,172.0944275,189.8994163,92.30121432,226.0942754,169.2811221,168.141204,183.3186135,175.6482012,143.2319277,121.9394597,193.5972667
8/1/2004,211.1491606,189.5774188,130.3521728,174.5344673,193.0503958,90.41548047,224.5058482,168.3742664,169.289114,186.6991995,177.2834723,143.8475102,121.0956565,199.3969104
9/1/2004,212.7178228,189.1467261,130.5140749,177.0168665,196.1187798,87.78404803,222.9439491,167.3900217,170.158817,190.3905894,179.1223739,145.1819949,120.1206487,203.0196785
10/1/2004,213.8687145,187.8755202,131.2708913,180.0477814,199.547216,84.55828553,221.6857619,167.4693539,172.0483461,193.5436073,181.1249507,146.1664167,118.683046,205.2661712
11/1/2004,216.0223267,186.4609562,131.8710902,183.2782095,203.1521523,82.51629143,221.0431132,167.414515,173.0522043,197.0715474,182.9285896,147.250304,116.6990943,206.8568499
12/1/2004,218.1291434,185.7326975,132.7550684,187.1143676,206.9746433,80.24526487,220.706491,167.6613752,174.3185864,200.8735654,184.5991625,148.5852387,113.9786386,208.1852537
1/1/2005,221.4713573,184.4660353,133.3952149,191.6211384,210.799936,77.69081589,221.423564,168.7316518,175.7596257,205.3398823,187.1720123,150.0412029,111.4528388,209.1559749
2/1/2005,225.2073539,183.5422854,134.3703228,196.0190232,215.1805494,75.44527345,220.8686009,169.5970991,177.9355969,210.0508384,189.7922711,151.8230598,109.4008082,211.6797748
3/1/2005,229.7469447,181.7310051,134.6566843,200.4687664,220.9925596,73.13774999,220.1508659,169.9835741,179.4601474,215.9587701,193.1884925,153.9954311,108.0698233,213.6633582
4/1/2005,233.4436053,180.7611969,135.0899683,202.3075063,225.7638953,72.20257425,218.161408,169.8868371,180.4932017,222.3493798,195.1706505,154.6039256,107.3084646,216.1934964
5/1/2005,237.1054951,178.4219381,135.1288835,204.8211455,229.7370131,71.66868954,215.5751492,167.4576161,180.7100299,227.5602552,196.7322622,155.2749244,106.1327078,217.9855013
6/1/2005,240.5833884,176.6101775,134.9383989,207.1950098,233.7852462,69.90483634,212.6541456,164.8213664,180.0831226,233.9546238,198.1971264,156.0730351,105.8539715,219.4368942
7/1/2005,244.2626206,174.216832,134.9697728,209.307666,236.7815909,69.30973892,209.4088964,162.8522387,180.0119911,239.2236845,199.811026,156.6173661,107.0970415,220.459765
8/1/2005,248.28386,172.5328669,135.2374424,210.7149853,238.9966006,69.66752595,206.3315224,161.2502331,179.7009872,244.9378835,201.4988008,156.5552167,107.9192678,222.0231032
9/1/2005,252.8411204,170.3007887,135.9088569,212.6978231,241.3890902,70.60048434,203.0690681,159.8178673,180.1476439,250.696552,204.0755648,157.9664854,108.7433401,223.7733788
10/1/2005,257.7432526,168.5241861,136.6096097,214.1249294,243.7679298,71.40451698,198.0271873,158.5147786,180.0129656,255.8711081,206.6792886,159.1538048,109.1664745,225.5767039
11/1/2005,261.6632574,165.551953,137.2211566,215.5145844,246.2204636,71.60741911,192.4280054,156.5206637,180.8119374,259.9217044,209.3212101,161.3249678,109.7934731,227.9091877
12/1/2005,265.4191193,161.0678255,137.9194715,216.4137738,248.4379205,72.07778762,186.8944012,154.501421,180.4376857,263.9400091,212.0522259,162.6463957,109.8378793,229.8884716
1/1/2006,268.208827,157.161668,138.804177,217.4019446,250.2725246,72.14083093,181.1199029,152.0500233,180.6269458,267.9689982,213.5044734,164.4478852,109.2696619,232.272715
2/1/2006,271.2338244,155.7929758,139.2904291,218.8209149,252.0224716,71.56477374,175.0552313,149.0824223,179.5437356,272.0325392,215.0536784,165.9214719,108.7221079,234.4010601
3/1/2006,272.0844565,152.2613756,139.3427234,219.2947435,252.8164119,70.15774356,169.7087872,146.9622577,180.0499652,275.0763905,215.7196768,168.0161992,107.0210014,235.2299207
4/1/2006,273.0894239,150.4677569,138.812238,218.8219135,252.2909903,70.28715258,163.9205979,144.6315051,179.3421734,278.1537848,216.4507754,167.6166878,107.6124913,235.7555572
5/1/2006,272.9307893,148.5585509,138.7354232,218.0244452,251.1929441,69.9672339,158.5402168,143.4110174,178.3256068,279.6957945,216.6178467,167.7171789,107.8263053,235.3882409
6/1/2006,272.2182213,147.8504282,138.4479861,216.5469226,249.3267534,70.28177266,153.2312997,141.8665771,176.4950291,279.2094437,216.1942488,167.1552806,107.5047331,233.6768222
7/1/2006,271.4940577,147.1207521,138.3382671,214.9842239,247.0605788,70.0113993,147.9992058,140.9070018,175.601655,278.4688589,215.0495956,166.5565386,106.649325,233.0603131
8/1/2006,270.5877412,146.9686801,137.8093955,214.3101329,244.4149203,69.35597483,142.9875627,138.4064372,174.9175468,276.0375227,213.0957097,166.0196901,105.3918474,232.3993567
9/1/2006,270.4349569,146.6316214,137.6338492,213.5585971,241.7351896,68.29844669,138.2665643,136.4174693,173.8477586,276.3066701,213.0267094,166.452288,103.9521181,231.8709406
10/1/2006,270.998237,147.5880273,137.3678384,213.3631429,241.7792923,67.73008174,133.3957819,132.5814279,173.7315394,277.5086446,213.0273214,166.4816611,102.5432681,231.3007044
11/1/2006,271.9019404,147.9616068,137.3140471,213.2685062,241.5401124,67.3830794,129.172654,130.6159078,171.9112026,278.7703127,213.1588934,166.5131641,101.5176348,231.4234335
12/1/2006,270.3217238,148.572598,137.6490019,213.1595304,241.4433951,67.79879103,123.4319719,125.287272,171.2878646,279.6900366,213.2523869,166.9587777,101.3999178,231.7688925
1/1/2007,270.8048827,148.0467783,137.5970289,214.6235786,241.4111173,68.06479566,117.8751346,121.4467213,170.5775925,278.9432904,212.9091477,168.2654693,102.5333968,231.9403071
2/1/2007,270.1368159,147.4590802,137.4073242,214.8832039,241.8002687,68.68528064,113.5076849,119.4318161,171.2822766,279.790015,213.3109353,169.4826283,103.8050042,231.8000191
3/1/2007,268.7477156,146.9881195,136.981349,215.3197829,241.4515374,67.75328573,108.7078368,113.7522071,171.8513473,278.6043931,214.2489042,171.2781025,103.6238424,231.2334821
4/1/2007,266.4295539,146.2173564,136.5577314,213.5307223,238.5801749,66.8678815,106.1325759,113.208366,171.648756,276.114398,213.6285994,168.7677769,103.5638364,228.68841
5/1/2007,264.2447815,146.1414716,136.7838242,210.7749873,235.8394658,67.17794991,104.267828,112.61794,170.9340326,270.9651951,211.8749468,167.3706003,102.5450831,226.0124542
6/1/2007,261.3229938,144.863003,136.8230793,207.9662631,232.4460703,69.4582516,104.6553147,113.7749233,169.7068476,266.1064046,209.7068015,165.9741154,101.9484092,222.1351831
7/1/2007,258.4890403,144.3659654,136.9569236,205.5668793,229.3100991,71.25679543,105.7908454,116.7380702,169.2288897,260.118748,207.7742775,164.6499096,101.2065101,219.1117756
8/1/2007,254.8486469,143.2212386,136.8345414,204.5166819,226.4182377,71.29527157,107.0519446,119.1705819,167.9866031,253.9653833,205.3715141,162.940066,98.65927965,214.8830448
9/1/2007,251.2994085,142.8022961,136.2157997,203.1155035,225.9124968,71.80980713,108.1225925,121.0834548,168.040532,248.3472383,204.866601,161.4005089,93.88388161,211.0536024
10/1/2007,247.0065708,141.6877095,134.7498867,199.6474476,225.4361198,71.20296282,109.3816642,121.6135634,167.41253,243.0260659,203.958202,160.3030895,90.68459273,206.3187976
11/1/2007,239.233012,141.1436236,133.0166952,194.695292,223.0177872,71.13763288,110.8881366,122.1868081,166.9579464,236.4154941,203.2950242,159.6268854,89.69651165,200.7405619
12/1/2007,233.1138556,139.9386383,131.6075649,189.9937423,219.2372922,70.40147304,112.1180485,122.7937976,165.5287065,230.5847789,201.7184394,159.3512216,88.58890806,195.9730523
1/1/2008,226.1119108,138.463118,130.9374302,186.6340809,215.6565543,70.92106596,112.5415956,123.8510657,164.7535273,225.0221114,200.8033613,157.5284993,87.3204986,186.8679063
2/1/2008,217.7720527,136.7426239,130.257961,178.8525022,211.6734882,71.20592461,111.6218907,123.2953909,163.5315484,219.1619217,199.4407879,155.969161,85.85718662,178.6064365
3/1/2008,210.5818475,135.9835179,130.351527,172.5677963,207.6815565,70.79819886,111.2647272,122.0615327,162.2226778,210.7759606,198.8269172,155.2443994,85.15300243,171.1940155
4/1/2008,205.101182,136.02826,130.1904228,166.7365198,203.7336655,70.1987439,111.6491861,124.508146,160.953163,202.9095863,197.1753086,153.9314353,85.71515547,167.2562513
5/1/2008,199.4333784,135.5997844,130.1230816,162.5596108,199.8656791,72.53522415,111.6048221,125.7672307,160.5768335,194.510466,195.838868,152.0084671,87.50450832,162.1334643
6/1/2008,195.1337389,135.3257832,130.184872,158.5015829,196.1754601,74.80682126,110.7489342,125.5990179,160.5469785,190.7690686,194.8384707,149.9598215,89.60912824,159.1901665
7/1/2008,190.6763352,134.7414104,130.2333301,154.1052,192.7132622,76.09546476,109.3457595,123.6529956,159.6737176,186.2167395,192.5640447,147.5458569,91.24780553,154.2707915
8/1/2008,186.6494545,134.4550641,129.6117058,148.159192,190.4385244,77.05755254,107.544052,122.1661035,159.4918064,182.0138639,191.0698969,145.9388113,92.80203271,149.6933367
9/1/2008,181.8454473,133.5444591,128.7506457,142.8336955,186.8378144,77.76163389,106.1432322,119.5933259,158.2206609,177.4289314,189.6564345,144.2138751,94.16123645,145.3413428
10/1/2008,178.0670227,133.1289461,127.6936604,137.5856725,182.8722586,79.14330631,104.9062182,118.5347956,157.4364875,172.4313869,187.808385,142.3473507,95.17414351,141.1227047
11/1/2008,174.949965,132.4945622,127.3275101,134.6814876,179.5598885,80.14994434,104.0153446,117.3023061,154.8429773,168.4888292,185.5059548,139.5265884,96.54257462,137.1264162
12/1/2008,171.443538,132.4440414,126.4869518,130.6326346,176.3630326,81.3249746,102.9271563,116.8401775,153.9983721,164.2686528,183.3145524,136.7113794,97.3696812,131.2224501
1/1/2009,167.8311307,133.2316864,124.4554633,126.6553775,174.1838826,82.23630896,102.2923709,114.8354768,152.6764315,158.7975483,181.5700123,132.1828196,99.00903044,126.0552377
2/1/2009,165.546016,132.88069,123.1272787,123.973942,171.4286883,82.45970317,102.1479828,113.0895936,151.9093651,154.758874,179.3377628,129.4030614,99.85835537,121.9684668
3/1/2009,163.7421473,133.9711566,123.3147737,121.0928435,169.8847604,84.14285519,101.7059586,110.1521473,149.6720437,150.4286445,176.1885288,127.3362154,101.0121827,117.8089701
4/1/2009,161.5467642,134.4616125,123.7383614,120.1694595,169.5742549,85.04186906,101.545827,110.1659996,148.790388,147.9133661,173.3964443,125.8630441,103.1869439,113.4636633
5/1/2009,159.8375627,136.0627396,124.0233066,119.8665271,170.0301193,87.06592758,100.7695423,110.8668329,149.1639574,145.6728211,172.8617643,125.7993117,104.9289255,110.228667
6/1/2009,160.31149,137.4451304,125.2743771,123.3423756,171.7671383,87.7815784,100.3319135,111.8232907,150.8413606,145.9453416,172.2488055,124.519739,106.7677727,107.5688004
7/1/2009,162.2114254,138.6559069,126.2886779,126.1581755,173.600479,88.87958495,99.66167502,112.8450347,151.3689495,146.3445167,172.293709,125.9238898,108.4674475,105.8909313
8/1/2009,164.2587482,138.9773473,127.0284616,129.2352968,175.7396411,89.94376175,99.33816778,112.1869226,152.3919664,147.3236116,172.315183,126.63973,110.325419,104.9563426
9/1/2009,165.5290611,140.1479482,127.2832661,131.5563299,177.4021739,91.51074876,99.39546484,112.1662082,152.8033081,148.3449937,172.4256353,128.1661155,112.0681285,103.8191288
10/1/2009,166.8885036,141.0041635,127.5926897,134.0264038,178.0969474,93.06595722,99.72946825,111.943264,153.146048,148.3305153,172.3833908,127.5689769,113.3299837,103.5681218
11/1/2009,168.9168197,142.7572004,127.9939997,136.1171698,178.5841137,94.22774988,100.5125666,112.2556208,154.0807109,148.2179854,171.7693835,127.7650753,114.2838053,103.5591299
12/1/2009,171.5848676,143.6427295,128.0698347,137.0268725,179.7918759,95.02524247,101.9027098,112.1157647,154.8353893,148.1410832,171.9676115,127.1217487,114.9308493,104.2238408
1/1/2010,174.4411362,144.9796156,127.8944307,138.4927737,179.971137,95.25929094,103.6313489,112.9667357,154.977537,148.3472199,172.359312,126.8386737,115.4348785,104.0719587
2/1/2010,174.4672994,145.1682464,127.7287617,139.3000556,180.4530112,95.3440616,105.4014239,113.9443395,154.732122,148.3114492,172.4404789,126.2214561,115.5578676,104.1134902
3/1/2010,173.6746078,147.8303526,128.3440048,140.9434374,179.8834586,96.63414453,107.6796926,113.7843956,155.6170234,147.9956306,172.2628771,125.0222349,116.3912504,103.6861582
4/1/2010,174.039745,149.2994252,129.0311756,141.7274297,181.9819509,96.92079382,109.970136,114.1894066,156.039966,147.2345494,171.9728411,124.2719628,116.8010551,103.7718397
5/1/2010,175.1569101,151.9290995,128.3009371,141.3887149,182.9843496,96.91156467,112.1738133,115.4286183,156.4110946,147.3037119,172.2857979,124.0422666,116.4851328,102.9767668
6/1/2010,174.7963022,153.449313,127.381473,140.5352055,183.9403003,96.42713015,114.1726871,117.9481995,155.7261518,147.2234218,172.5546644,124.0199386,116.1919,101.9445549
7/1/2010,174.2303835,155.9131202,126.1862896,139.8601869,183.7403892,96.22323926,116.249375,120.2929915,155.2673005,146.5533476,172.8323274,123.1415774,116.2127862,100.7060323
8/1/2010,172.9665161,157.4242421,125.6458551,139.1720379,182.8127968,96.27493929,118.1153755,120.7914212,154.5059121,145.6667837,171.8604048,122.2454463,116.6292923,100.1922901
9/1/2010,172.7888524,158.9927784,125.3072146,138.8833821,182.7269577,96.28667818,119.7942508,122.1768648,153.3885856,144.2198719,171.6030871,120.5732816,117.4137962,100.272037
10/1/2010,172.5951632,159.896437,125.398674,137.235028,183.0387692,96.79193414,121.6101229,122.6093123,153.000342,143.4319695,169.288772,119.2234781,118.4831097,99.97781063
11/1/2010,172.6858159,160.9051435,124.8127807,136.9851575,183.4750097,97.01844221,123.6414961,124.5487634,153.0657238,143.2332305,168.7812101,118.3908256,119.7320278,100.0575888
12/1/2010,171.4343964,161.7577992,125.0741181,136.9084575,184.1476802,97.51803568,125.469991,126.047418,153.7041844,142.8720562,168.3064525,118.1133927,120.5622887,99.40037742
1/1/2011,171.5088049,162.3462889,124.9903542,136.531052,184.3123051,98.23120069,127.6564029,127.2817999,154.2055869,141.5446374,167.1905126,117.7890164,120.8888705,99.47572006
2/1/2011,170.9474572,163.5349216,124.3781272,134.7504019,184.1250618,99.11464275,129.5513094,128.143495,153.2358033,139.4474965,166.6101677,117.1455907,121.5405321,99.03669791
3/1/2011,170.7038467,164.4191008,123.277397,133.7147471,182.0350932,100.3767626,131.6078505,127.4815543,151.3793414,139.0053041,165.5052782,115.6751379,122.0844527,98.20862579
4/1/2011,170.1298925,165.4236554,123.5772503,133.51436,180.7395614,101.0099652,133.2971266,130.1666796,149.2375867,138.8588192,167.1300407,113.6681329,122.1282582,97.30360158
5/1/2011,169.203144,165.7663367,123.7794445,133.1924033,180.5806844,101.3297978,135.1425552,130.9039165,151.178339,139.2548392,166.8359631,113.8091366,122.424927,96.05939765
6/1/2011,168.559664,166.433699,124.1532917,132.5473964,180.6167772,101.5703171,136.709117,131.2548451,152.3283015,139.4394442,166.2863491,114.3707267,122.8979454,95.68763545
7/1/2011,167.9623773,167.0809379,123.5612351,131.9295816,181.669848,101.4463341,138.3119573,131.9146653,152.1611842,139.6225541,167.045047,114.4864039,123.5504023,95.18213141
8/1/2011,166.9228439,167.934411,123.8168679,131.8854744,181.8056441,101.506509,140.243426,133.5097011,151.7864475,139.0090308,166.6927463,114.8618551,123.8970805,94.34809238
9/1/2011,165.7283563,168.7657722,123.7401313,131.0036348,182.9334553,101.7711326,142.2638591,134.9778857,151.6098992,138.5657599,166.9497484,114.3666267,124.9746025,92.97728133
10/1/2011,164.2851316,170.1698467,124.3791164,131.159697,181.2747662,102.0109138,143.7431562,137.0034745,151.6106022,137.8204652,165.1415253,113.6594345,125.7425491,91.57190214
11/1/2011,163.6127875,170.9786548,124.7297664,129.8012675,181.1465597,103.166014,144.4522751,138.0255049,150.8128358,137.1721277,164.3132619,111.7417992,126.3612789,91.04554124
12/1/2011,162.8060046,172.6327268,124.681615,129.8707279,179.7932196,104.1505633,144.7322261,138.567537,149.8310611,137.7408907,162.9870263,110.810464,126.8735251,90.75042343
1/1/2012,162.4529928,173.4124326,125.1056812,128.6288376,180.0745539,104.885024,145.2315926,139.2911243,149.9180441,139.0891085,162.1056955,110.1828859,127.6723933,90.52192626
2/1/2012,162.1133199,174.7168735,124.8346424,129.2244545,178.5616577,105.2223299,145.5471214,139.5538708,149.5849582,140.736205,161.1316557,109.0900219,128.6420467,90.68347751
3/1/2012,162.3294968,176.0346607,126.1099048,129.2953044,180.3333213,105.8949262,145.9517092,141.2917943,149.626992,142.3701219,160.5291045,107.3005646,129.3278413,90.77264014
4/1/2012,163.6790326,177.115271,126.8264048,131.1220112,182.7908943,106.107143,146.0340952,141.0645764,148.976236,142.8362898,160.9923923,107.0334329,129.6982679,91.56464208
5/1/2012,165.5407834,177.7011688,128.0999599,133.5610648,185.4457407,106.3010735,146.0945377,140.9081986,150.6666064,143.6431753,161.7222523,109.9758256,130.1073042,92.8529623
6/1/2012,167.2554451,178.4546688,129.1976701,136.2793057,186.9544527,106.6349965,146.2001693,139.8310666,152.2752409,145.3074243,162.5632378,112.0255472,130.2974995,93.80776572
7/1/2012,168.6625414,179.2519204,130.3751221,138.2795971,187.7100963,107.3520902,146.2565886,139.3658094,153.6475613,147.0414547,162.5970113,113.1178923,130.545487,94.11942086
8/1/2012,170.6481531,180.9911795,130.9548118,139.3160921,188.3411708,107.8304939,146.4292952,139.3228826,154.6425298,148.4876413,162.950709,112.9740854,130.9469111,95.12527355
9/1/2012,172.7112901,183.093073,132.2800014,141.2230766,188.7365697,108.4790126,146.6177813,139.5621814,154.631579,149.1020118,163.3506707,112.8174989,131.8889942,96.55117944
10/1/2012,174.7890817,185.61718,133.152368,143.2698604,188.9356586,109.0994447,146.8764367,140.1615701,154.2235081,149.7075835,163.1159256,112.5487215,133.0626327,99.42763931
11/1/2012,176.5411325,187.9380685,134.6152679,146.6103234,189.283292,110.0226422,147.4702912,140.2337801,154.2828046,151.0497582,162.4986107,113.0935425,133.7024197,100.3092985
12/1/2012,179.5756284,189.6784709,135.3957203,148.8673941,190.4023805,110.579432,148.1982091,141.1008603,155.2770875,152.6049252,162.7053027,113.6419743,134.3862051,102.6169669
1/1/2013,182.1855716,191.4910775,136.44046,151.2317031,190.8806596,110.9654756,148.8709531,142.0120189,156.0009018,154.1470737,162.7944394,114.1427382,134.6734544,104.4662438
2/1/2013,184.8816487,192.9840676,137.008411,153.2812265,190.6411118,111.579203,149.5894335,143.323273,157.3067961,155.3707594,163.7695297,114.7291723,135.3147961,106.5454728
3/1/2013,188.9784086,194.459729,138.0183836,157.3208802,193.6496142,113.2335586,150.3206171,144.5529816,159.1064713,157.3385472,163.2634293,115.0811265,136.0607952,109.4085252
4/1/2013,193.8549827,195.410969,139.0296365,161.729186,195.4590665,113.9107303,150.998782,144.6895329,160.6368742,160.8117256,164.8135701,116.584919,136.9766268,111.8652113
5/1/2013,196.9428437,196.345519,140.3566641,165.8625547,197.0539011,114.2302548,151.6101333,144.3389735,161.6460266,163.696355,166.0206714,118.8101544,137.2590151,114.2616908
6/1/2013,200.3305414,197.9620695,141.4207111,169.4406418,197.4920375,114.8979929,152.3052135,144.4573333,162.5433686,166.5088264,167.0851177,119.8611408,137.565351,116.9066419
7/1/2013,203.839316,199.4744367,143.1614338,172.9152436,199.232748,115.2429709,153.0128132,144.5470961,163.5719645,167.3706904,167.9180974,121.9631886,138.0183308,119.8077711
8/1/2013,207.9282227,201.7216186,144.5351894,175.4528265,200.6417703,115.7865518,153.7379994,144.6088863,164.8174703,168.9503999,168.9447895,123.1590665,138.5371896,122.9045394
9/1/2013,210.7666172,203.7584177,145.6873869,178.1834081,202.511394,116.1257691,154.3201656,145.1981935,166.5220339,170.7012285,170.3556223,124.2684454,139.5078522,124.6975378
10/1/2013,213.6855432,205.8152222,146.0469082,178.9617962,203.4273806,117.05549,155.2032743,145.9659162,167.6830228,173.4721067,171.3982214,125.359154,139.8643085,126.4932237
11/1/2013,215.0693916,207.8087329,146.7700521,180.9909352,204.3966081,117.6598328,156.0832672,146.9986963,169.4756037,176.0731614,172.4945856,126.0093925,140.5084939,127.8474205
12/1/2013,216.1602443,210.3552936,147.7024811,182.7284536,205.9060424,118.3395746,157.4500972,147.8228084,170.3079391,177.99838,172.8225778,126.7404222,141.4159695,128.932781
1/1/2014,216.524814,212.9090564,148.5618997,186.0433467,206.9440216,119.2431722,157.7585762,148.4054851,170.2344639,179.6254517,173.5476325,126.5796628,143.1027177,130.6120703
2/1/2014,218.2961274,215.8097226,149.2058064,187.3185765,207.5383147,120.6597873,158.4037428,148.6863797,170.4433887,180.1360692,173.549467,126.8010809,143.7049266,131.2912836
3/1/2014,220.1328283,217.7749304,150.1210872,189.7635432,209.1216786,121.7534514,158.5808103,149.6012996,171.4496591,182.3252794,173.4258632,127.6714573,144.1292786,132.5171118
4/1/2014,220.4979247,220.1660189,150.986284,190.6127252,208.2559985,122.0325347,159.1318536,150.9812754,174.6709837,183.7931536,173.3134738,128.3549905,144.3949134,132.7599845
5/1/2014,220.8342282,222.194277,151.7442855,191.5739809,207.9025023,122.0556763,159.5956464,151.1693716,174.7587076,184.8154602,173.4830605,128.2410951,145.0810912,133.3287589
6/1/2014,221.4430455,224.3122245,152.4130707,192.010315,207.5597359,122.1415655,160.1237031,151.5840099,173.9940897,185.4633925,174.1843946,127.8621889,145.5447869,134.4216252
7/1/2014,222.0435522,226.5156486,152.9338544,191.6666349,206.9928217,122.2959905,161.0114299,151.8546812,173.1529402,186.110647,174.6987486,127.3575792,146.2690866,134.869911
8/1/2014,222.0976923,228.7408358,153.9439668,192.0577812,206.9141025,122.9012822,161.7499894,152.4453473,173.4853111,186.9902154,174.8790101,127.5137354,146.8084903,135.346968
9/1/2014,222.7828015,230.4751149,155.0134095,193.4995834,206.984894,123.4396559,162.4735819,153.2814307,174.1679865,188.5381195,174.8645157,127.7422362,147.5450547,135.9841504
10/1/2014,224.492,232.3599978,156.7216513,196.1319478,207.8027825,123.9654091,163.1023725,154.1463139,175.0249922,189.96015,174.7861329,128.0456777,148.1875596,136.4956796
11/1/2014,226.3243632,234.613139,157.8801501,197.709332,208.0094654,124.2845862,164.0821664,155.0583682,175.9778226,191.3453093,174.6586403,128.3314731,148.9011415,137.5396288
12/1/2014,227.9898822,237.3881912,159.8088097,199.9322647,208.5343983,124.4873757,164.9272875,156.0144117,176.6414497,192.9217228,175.5596189,128.4261973,149.5085199,137.84796
1/1/2015,228.1890676,240.0811786,160.9277351,200.2884399,208.672883,125.0028827,165.8233047,156.5163411,178.2463697,194.457748,176.1366984,129.4129547,149.926605,138.385508
2/1/2015,230.3430049,242.8520902,163.7423228,205.1957525,209.4078994,125.1932599,166.5735519,157.8368301,178.7643973,196.3356137,176.7713467,130.2890742,150.3679533,138.8168092
3/1/2015,231.6401913,245.3897362,164.5097955,208.5443423,209.728389,125.5693788,167.2508396,159.3562334,178.6953167,197.7388955,176.6770056,130.8375332,150.7571341,139.9331933
4/1/2015,233.0883542,248.4538722,166.0284475,209.4971922,209.7047703,126.0121227,168.0768742,160.1082901,177.1940579,198.8418938,177.6426695,130.5007199,151.5399986,140.8479287
5/1/2015,234.2267095,251.9696273,166.7747634,210.2506162,209.3073368,126.7988016,168.6545922,159.8229675,178.3861492,199.3398344,178.2263256,130.1560534,151.8245518,141.9406269
6/1/2015,235.1054694,252.894129,168.0246665,210.7242724,209.7635972,127.366359,169.3845674,160.3900855,179.7193951,199.7344269,178.6781907,129.7685361,152.2259471,142.3850201
7/1/2015,235.6594268,252.6779304,168.8825556,211.9181898,209.8896754,127.5437562,169.9391691,161.1178701,180.9712502,199.9886464,178.8686445,129.4880305,152.3626536,143.2549451
8/1/2015,236.2290742,250.9127943,170.7311711,213.1247865,210.1017039,127.5254631,171.0753759,161.5708278,181.834151,201.1804854,179.1519766,129.3651549,152.9405471,143.5957064
9/1/2015,237.2916148,250.074716,172.2651779,215.5971698,210.2547567,127.8203658,172.2841191,162.0027194,182.461304,203.1216637,179.3779929,129.5898759,153.4872159,143.8847381
10/1/2015,238.5667212,249.7076335,174.0088054,217.8407393,210.4670453,127.7513646,172.7413545,162.6257405,183.6473472,204.9337771,179.6533237,129.9921468,154.4344503,144.2937091
11/1/2015,240.0935708,249.7219899,175.2776056,219.5051316,211.3140398,128.0209982,173.1808016,163.5845767,183.86353,206.6515433,180.3309215,130.8953518,155.087807,144.7867634
12/1/2015,241.6020757,249.6054633,176.1700076,220.5177506,211.3220764,128.595737,174.1256209,164.4212252,184.4313353,206.5505352,180.4521065,131.3796664,155.4367531,145.9680926
1/1/2016,243.3844455,249.7098238,177.2460781,221.1567947,212.0528058,129.1864356,175.4042388,165.7365437,184.5339013,207.4316015,180.4754474,131.7038226,156.564386,146.6766658
2/1/2016,245.2820767,249.4231094,179.2956596,223.3782742,211.4347585,129.6995279,177.0877668,166.8729184,185.1704863,208.1309758,180.5580724,132.0241582,157.2186439,147.7327395
3/1/2016,245.8346628,249.0530086,180.3292789,225.317839,211.5971123,130.6422155,178.5309441,168.7053638,186.1671116,209.6349314,181.2432701,132.8602359,157.6929624,148.2482201
4/1/2016,246.3680314,248.3617957,181.337419,225.3866719,212.4190738,130.5436658,179.4632628,170.3035723,186.9313777,211.1977621,182.0353622,133.5117892,158.1686881,149.1554012
5/1/2016,246.8751782,248.8333943,182.4521941,224.0801948,213.0417328,130.4877726,180.6616903,169.8153306,188.1984219,212.3089195,182.2123063,134.0054501,158.3646137,150.0124416
6/1/2016,247.6354732,249.5879459,183.6142999,224.8525024,213.2533489,131.2304209,181.5859117,170.3308403,188.2059218,213.6832524,182.8433555,133.8736403,158.9272077,150.5627417
7/1/2016,248.8814072,251.16039,185.053807,225.3586257,213.3062085,132.6874384,182.5859869,170.7484321,188.817745,214.381406,183.3411988,133.8818605,159.8030871,151.0563117
8/1/2016,250.1615052,252.9013751,186.1725148,227.8886928,213.7688706,134.2296135,183.1076773,171.5186916,189.6426576,215.6755612,183.7648357,133.6072291,160.9491773,151.0008859
9/1/2016,251.4454038,254.6290173,187.6681655,228.2442813,214.4783627,135.9222725,184.5004503,171.8339285,190.5267805,216.6774306,183.8319743,133.9971094,162.7151083,152.0333708
10/1/2016,252.0213257,256.1157755,188.698404,230.2479356,215.1660867,137.8621969,185.8610429,172.2263048,191.890575,218.0271796,183.7686389,134.0321408,164.9067879,152.4454402
11/1/2016,253.1728448,257.930532,190.7565912,231.3174376,215.7208713,139.7059751,187.0993446,172.9760025,193.7161321,219.1953537,185.0099884,135.3545922,167.1602082,153.4585409
12/1/2016,254.4510828,259.8625575,191.9236975,233.7352121,216.9816968,141.4766254,187.9032247,173.5729164,195.6967987,220.5815407,185.7035844,136.7821209,169.1709939,154.3721412
1/1/2017,256.0843513,262.5547495,193.3470679,234.9221339,218.1491456,143.2383898,188.5860867,174.3100712,197.2866692,221.1761518,186.984067,137.7729388,171.5956428,155.8765132
2/1/2017,256.9748984,264.4579355,194.5574125,236.9004235,218.9195276,144.9250596,188.9992154,174.1059118,198.8649857,221.8323595,187.1488569,138.0986818,172.987556,156.8974842
3/1/2017,258.3401415,266.3116227,194.7938562,235.8668521,218.79978,146.7775368,189.4339947,174.7872584,199.7305848,221.7240901,188.5638913,138.2822655,175.4519939,157.7800066
4/1/2017,258.8218324,266.4614339,195.6431744,236.0988928,218.5673762,148.4737233,190.210232,175.13974,199.0158061,222.4066768,189.3861765,138.195514,177.8233242,159.1282284
5/1/2017,260.6324825,265.9352436,196.6459475,237.6045024,218.9980895,150.5616085,190.8625367,175.7648985,199.4318951,223.4380565,189.9106069,138.205452,181.3141148,160.3711714
6/1/2017,261.4902998,266.1474378,197.5962057,239.1840285,219.5449145,152.437832,191.9799989,176.6746076,200.0804103,224.3514372,190.1760456,138.2332271,185.3158259,161.5219381
7/1/2017,264.3721326,268.8718723,198.7072755,240.9132928,220.2802926,154.0797316,193.0798045,177.6915804,202.0822494,225.5518254,191.0247521,138.478929,189.5064508,162.385699
8/1/2017,265.509234,274.629331,199.9907645,242.1109908,220.5756108,155.3666979,194.6346847,178.3229748,203.1461882,226.2412734,192.1765717,138.6765989,193.4722516,164.0402263
9/1/2017,267.069022,280.6976187,201.2694033,244.716278,220.9992639,156.4503083,195.5393093,179.1684637,204.5438746,227.4159595,193.548782,139.1111747,197.2763117,165.8258543
10/1/2017,268.2717619,286.1991744,202.4504127,248.0910186,221.7116999,157.7339632,196.7038709,179.6606937,205.120975,227.6013733,194.4082615,139.2597281,200.086552,167.9591567
11/1/2017,270.7572207,290.8873839,204.1100262,252.3306494,222.6718704,159.5853605,198.0440929,179.7832787,205.5305809,228.1008716,195.191354,139.899041,203.0725558,169.7115727
12/1/2017,272.9866392,295.2151418,206.2334412,255.3313473,222.8899181,161.8814567,200.0690885,180.2634394,206.2766515,228.3798427,195.6388525,140.1130416,206.212092,171.4931424
1/1/2018,274.9234954,300.3359461,207.9919659,258.6766997,222.999941,,201.6928107,180.7580855,207.7343977,229.8984865,196.4518194,140.9212123,,172.9089267
2/1/2018,277.6127203,306.4325703,210.6377185,260.3272606,223.8463518,,203.2119779,183.1936531,210.4119974,231.7390942,197.4767686,141.4022718,,175.0011075
3/1/2018,278.6700934,314.7207821,211.0986992,261.8534034,224.9357806,,204.8975913,184.0793203,210.5783327,232.6377608,197.8131382,141.7185814,,177.084036
4/1/2018,279.8873293,321.7870718,212.1173841,261.5843002,225.1929252,,207.0116962,186.3131129,212.0447781,233.4028789,197.5003343,141.7653235,,179.210892
5/1/2018,280.2026367,328.1788627,213.1648604,263.6410364,225.4822493,,207.964374,185.3862154,213.0498368,234.6080053,197.8409413,141.9417143,,180.5630533
6/1/2018,280.8554571,333.0730122,213.9576885,264.9857348,225.8235799,,209.2179813,186.1305452,213.8610659,236.0403752,198.2781713,141.9827754,,182.5473374
7/1/2018,281.3223622,337.4803375,214.803673,266.8982699,226.4655461,,210.840778,186.9236456,214.0511894,237.0026533,198.4216075,142.0672429,,184.6124248
8/1/2018,281.9742162,341.5838077,215.5671515,267.5130938,226.9268211,,213.8266786,188.6573629,214.4780904,237.5396285,198.9749754,142.5943412,,186.8188035
9/1/2018,281.8916542,346.0923425,216.282637,268.7098155,227.411499,,217.8848098,191.1187137,214.9291047,237.7930557,199.5792501,143.2777349,,188.1981882
10/1/2018,282.5877257,351.3259664,216.6849452,267.5469038,227.9187808,,221.754248,193.7937421,216.0337192,238.271267,200.0887267,143.7362444,,189.4815154
11/1/2018,282.1134117,358.679586,216.9278222,266.21758,228.3919656,,225.3212897,196.23019,216.7057237,239.2594332,200.5213541,144.035873,,190.1054827
12/1/2018,282.9734016,365.9164834,217.5251764,263.9980211,228.7735888,,228.8594843,198.2553124,216.7024894,240.0219082,200.8511845,143.9682162,,190.9234935
1/1/2019,282.298814,,218.4065983,262.9983844,229.5085378,,233.7192032,199.8538971,216.9825266,240.9804386,201.2820716,143.8961419,,191.1666796
2/1/2019,282.2649511,,220.4119733,263.4090692,230.1916017,,238.6161333,202.1774732,217.0748286,241.7525296,201.1119953,144.1756281,,191.8746535
3/1/2019,282.1781137,,219.8221848,264.5475744,230.9758596,,246.0453521,204.1660064,218.3210631,242.5274399,200.7340328,143.8084503,,191.4975856
4/1/2019,283.6350033,,220.0622603,266.1420708,231.1767011,,253.3182543,207.4365596,219.9211483,242.6799141,200.8208972,144.1880922,,191.907941
5/1/2019,285.4648252,,220.6340389,266.3070266,231.9806382,,261.6356184,209.1716736,220.483156,242.5700784,201.1031307,144.2314832,,192.1397964
6/1/2019,284.9105325,,221.1512017,267.0340718,232.5033117,,270.3920745,211.54971,221.9801871,242.732238,201.1448214,144.5942204,,192.5780892
7/1/2019,284.5927713,,221.4806929,267.1932671,232.7294699,,279.151903,213.714666,222.4724067,243.4854282,200.9328927,144.6981288,,193.2665426
8/1/2019,284.9125996,,221.9667707,267.3559042,233.1646243,,285.0050187,214.8777852,223.0955156,244.5259487,201.3133031,144.7335451,,193.0179335
9/1/2019,286.5958129,,222.9345821,266.6117278,233.5915003,,289.8328567,215.6601702,222.5164359,245.2813737,201.6321822,143.9872856,,193.56525
10/1/2019,288.0397915,,223.8723485,266.4822371,234.4862201,,293.4716771,216.1086663,223.5072484,246.199177,202.0594708,144.0358497,,193.7560801
11/1/2019,289.5949688,,224.8911562,267.5840737,235.3593911,,297.9229125,218.234584,224.9247976,246.7638386,202.0491417,144.1008514,,195.1212825
12/1/2019,290.2444871,,225.5426572,269.5494556,236.2921028,,303.1679626,220.745337,226.1418506,247.447605,202.4782577,144.8220297,,195.8326413
1/1/2020,291.8084325,,226.6115131,271.1184307,237.6052186,,,,226.6717315,247.9577056,203.0452099,144.4547633,,197.3919266
2/1/2020,292.7610593,,227.9708829,273.0253529,238.5946878,,,,227.6613782,249.8075031,203.9146172,145.128157,,198.7481064
3/1/2020,294.1196578,,227.9377146,274.4377245,239.7881737,,,,228.5770115,250.8628797,204.4433207,145.9407447,,199.9434179
4/1/2020,295.0707879,,228.7336292,273.3109654,239.3224416,,,,229.1675016,252.3208844,204.8061936,146.084621,,200.8998078
5/1/2020,295.467323,,229.2272735,272.4515542,239.6695892,,,,229.7624402,252.4320193,204.746065,146.1530134,,200.3817623
6/1/2020,295.9226732,,229.9643953,271.44868,240.3248261,,,,229.8294978,252.4289602,205.0196785,145.4474398,,199.0806143
7/1/2020,299.8525128,,231.1934577,274.7014788,243.0698311,,,,232.4287721,253.3993917,205.7238089,146.61428,,199.727789
8/1/2020,304.3866066,,233.7645359,278.8753756,246.387992,,,,235.9672402,256.1906856,208.6139338,148.4317357,,202.1343273
9/1/2020,308.5390697,,236.4676306,283.5811075,249.8746733,,,,239.858307,259.0106701,211.8843741,150.6460603,,204.0034758
10/1/2020,312.1945804,,239.6340652,287.9613336,253.0767197,,,,244.5813999,262.8680248,215.738578,152.5062135,,206.228408
11/1/2020,315.7073208,,243.0933475,291.0419382,255.9893296,,,,248.337738,266.3357586,219.9629736,153.9699928,,208.4405161
12/1/2020,319.3360609,,246.2951751,293.827867,258.8828981,,,,251.7324639,270.202603,223.1654597,155.189076,,211.3534477
1/1/2021,323.4930278,,249.5890431,298.4561538,261.8031404,,,,255.3395997,274.0519471,226.8210302,156.6656547,,214.6437542
2/1/2021,327.9882712,,253.9732492,303.0667828,264.4289467,,,,258.9676426,277.5575621,228.7858373,157.5270228,,217.2155558
3/1/2021,333.7392935,,258.8281297,308.1015651,268.0983275,,,,262.6518136,281.887452,231.764806,158.9867699,,221.4216715
4/1/2021,338.6512493,,263.8849972,314.6115283,271.3026578,,,,266.1962591,288.4304928,235.0661716,160.5598981,,225.9909816
5/1/2021,345.5328847,,269.2274303,322.1681041,274.6149895,,,,269.695553,294.5247731,238.6469754,162.4655798,,231.4977642
6/1/2021,351.1790036,,275.0950344,330.9844366,277.3653981,,,,272.4704042,303.328075,241.6276296,164.222208,,238.6064576
7/1/2021,357.0359436,,280.4296645,334.9253754,279.7281632,,,,275.9243122,310.1852709,243.9847868,165.6770699,,244.5080324
8/1/2021,360.5632358,,284.0389667,338.0109337,281.2653245,,,,277.8126531,317.4368433,245.6342215,166.8443846,,250.1710529
9/1/2021,365.0117353,,286.6508457,339.6083985,282.2394853,,,,280.166207,324.3449452,246.9863616,168.2469519,,254.3345319
10/1/2021,370.3046724,,288.2392689,341.1598001,282.4795512,,,,281.5717445,330.5716737,248.4892021,169.8670602,,258.6406263
11/1/2021,375.7862311,,291.8217176,343.9143629,284.0075478,,,,281.7637343,337.3119617,250.8777807,171.874119,,261.9289524
12/1/2021,380.9005045,,296.1816768,349.09632,285.9757822,,,,285.3098977,343.885694,253.4280277,174.0504893,,265.2249561
